_id,report_date,previous_day_total_doses_administered,previous_day_at_least_one,previous_day_fully_vaccinated,previous_day_3doses,total_doses_administered,total_individuals_at_least_one,total_individuals_partially_vaccinated,total_doses_in_fully_vaccinated_individuals,total_individuals_fully_vaccinated,total_individuals_3doses
1,2020-12-24T00:00:00,,,,,10756,,,,,
2,2020-12-30T00:00:00,7847.0,,,,18603,,,,,
3,2020-12-31T00:00:00,4899.0,,,,23502,,,,,
4,2021-01-01T00:00:00,5385.0,,,,28887,,,,,
5,2021-01-02T00:00:00,4304.0,,,,33191,,,,,
6,2021-01-03T00:00:00,4360.0,,,,37551,,,,,
7,2021-01-04T00:00:00,4868.0,,,,42419,,,,,
8,2021-01-05T00:00:00,7611.0,,,,50030,,,,,
9,2021-01-06T00:00:00,10350.0,,,,60380,59950.0,,860.0,430.0,
10,2021-01-07T00:00:00,12251.0,11594.0,657.0,,72631,71544.0,,2173.0,1087.0,
11,2021-01-08T00:00:00,14932.0,13992.0,940.0,,87563,85536.0,,4053.0,2027.0,
12,2021-01-09T00:00:00,15700.0,14787.0,913.0,,103263,100323.0,,5880.0,2940.0,
13,2021-01-10T00:00:00,9983.0,9981.0,2.0,,113246,110304.0,,5884.0,2942.0,
14,2021-01-11T00:00:00,8859.0,8859.0,0.0,,122105,119163.0,,5884.0,2942.0,
15,2021-01-12T00:00:00,11448.0,11367.0,81.0,,133553,130530.0,,6046.0,3023.0,
16,2021-01-13T00:00:00,11231.0,9865.0,1366.0,,144784,140395.0,,8778.0,4389.0,
17,2021-01-14T00:00:00,14237.0,11979.0,2258.0,,159021,152374.0,,13293.0,6647.0,
18,2021-01-15T00:00:00,15609.0,13709.0,1900.0,,174630,166083.0,,17094.0,8547.0,
19,2021-01-16T00:00:00,14460.0,13340.0,1120.0,,189090,179423.0,,19333.0,9667.0,
20,2021-01-17T00:00:00,11007.0,9817.0,1190.0,,200097,189240.0,,21714.0,10857.0,
21,2021-01-18T00:00:00,9691.0,9672.0,19.0,,209788,198912.0,,21752.0,10876.0,
22,2021-01-19T00:00:00,14346.0,12417.0,1929.0,,224134,211329.0,,25609.0,12805.0,
23,2021-01-20T00:00:00,13784.0,10408.0,3376.0,,237918,221737.0,,32361.0,16181.0,
24,2021-01-21T00:00:00,15899.0,11967.0,3932.0,,253817,233704.0,,40225.0,20113.0,
25,2021-01-22T00:00:00,11168.0,6635.0,4533.0,,264985,240339.0,,49292.0,24646.0,
26,2021-01-23T00:00:00,11161.0,6853.0,4308.0,,276146,247192.0,,57907.0,28954.0,
27,2021-01-24T00:00:00,4427.0,1940.0,2487.0,,280573,249132.0,,62881.0,31441.0,
28,2021-01-25T00:00:00,5537.0,1350.0,4187.0,,286110,250482.0,,71256.0,35628.0,
29,2021-01-26T00:00:00,9707.0,3692.0,6015.0,,295817,254174.0,,83285.0,41643.0,
30,2021-01-27T00:00:00,9513.0,2926.0,6587.0,,305330,257100.0,,96459.0,48230.0,
31,2021-01-28T00:00:00,11910.0,4854.0,7056.0,,317240,261954.0,,110571.0,55286.0,
32,2021-01-29T00:00:00,10215.0,3822.0,6393.0,,327455,265776.0,,123357.0,61679.0,
33,2021-01-30T00:00:00,9373.0,3265.0,6108.0,,336828,269041.0,,135574.0,67787.0,
34,2021-01-31T00:00:00,2816.0,1754.0,1062.0,,339644,270795.0,,137698.0,68849.0,
35,2021-02-01T00:00:00,2256.0,812.0,1444.0,,341900,271607.0,,140585.0,70293.0,
36,2021-02-02T00:00:00,2715.0,951.0,1764.0,,344615,272558.0,,144113.0,72057.0,
37,2021-02-03T00:00:00,3716.0,779.0,2937.0,,348331,273337.0,,149987.0,74994.0,
38,2021-02-04T00:00:00,6724.0,741.0,5983.0,,355055,274078.0,,161954.0,80977.0,
39,2021-02-05T00:00:00,7694.0,840.0,6854.0,,362749,274918.0,,175662.0,87831.0,
40,2021-02-06T00:00:00,9917.0,1175.0,8742.0,,372666,276093.0,,193146.0,96573.0,
41,2021-02-07T00:00:00,6518.0,1347.0,5171.0,,379184,277440.0,,203487.0,101744.0,
42,2021-02-08T00:00:00,6987.0,2568.0,4419.0,,386171,280008.0,,212326.0,106163.0,
43,2021-02-09T00:00:00,12462.0,3096.0,9366.0,,398633,283104.0,,231058.0,115529.0,
44,2021-02-10T00:00:00,13486.0,3290.0,10196.0,,412119,286394.0,,251449.0,125725.0,
45,2021-02-11T00:00:00,14717.0,3454.0,11263.0,,426836,289848.0,,273975.0,136988.0,
46,2021-02-12T00:00:00,15605.0,1311.0,14294.0,,442441,291159.0,,302563.0,151282.0,
47,2021-02-13T00:00:00,14506.0,1481.0,13025.0,,456947,292640.0,,328614.0,164307.0,
48,2021-02-14T00:00:00,10679.0,343.0,10336.0,,467626,292983.0,,349286.0,174643.0,
49,2021-02-15T00:00:00,7698.0,204.0,7494.0,,475324,293187.0,,364274.0,182137.0,
50,2021-02-16T00:00:00,5053.0,256.0,4797.0,,480377,293443.0,,373867.0,186934.0,
51,2021-02-17T00:00:00,9107.0,675.0,8432.0,,489484,294118.0,,390731.0,195366.0,
52,2021-02-18T00:00:00,12383.0,1947.0,10436.0,,501867,296065.0,,411604.0,205802.0,
53,2021-02-19T00:00:00,16967.0,5054.0,11913.0,,518834,301119.0,,435429.0,217715.0,
54,2021-02-20T00:00:00,21295.0,9859.0,11436.0,,540129,310978.0,,458301.0,229151.0,
55,2021-02-21T00:00:00,16404.0,9633.0,6771.0,,556533,320611.0,,471843.0,235922.0,
56,2021-02-22T00:00:00,12922.0,8175.0,4747.0,,569455,328786.0,,481337.0,240669.0,
57,2021-02-23T00:00:00,16252.0,9879.0,6373.0,,585707,338665.0,,494083.0,247042.0,
58,2021-02-24T00:00:00,17141.0,12593.0,4548.0,,602848,351258.0,,503180.0,251590.0,
59,2021-02-25T00:00:00,19112.0,15253.0,3859.0,,621960,366511.0,,510897.0,255449.0,
60,2021-02-26T00:00:00,21805.0,19240.0,2565.0,,643765,385751.0,,516028.0,258014.0,
61,2021-02-27T00:00:00,24339.0,21381.0,2958.0,,668104,407132.0,,521943.0,260972.0,
62,2021-02-28T00:00:00,19167.0,18036.0,1131.0,,687271,425168.0,,524205.0,262103.0,
63,2021-03-01T00:00:00,17424.0,16313.0,1111.0,,704695,441481.0,,526427.0,263214.0,
64,2021-03-02T00:00:00,22326.0,20644.0,1682.0,,727021,462125.0,,529792.0,264896.0,
65,2021-03-03T00:00:00,27398.0,25584.0,1814.0,,754419,487709.0,,533420.0,266710.0,
66,2021-03-04T00:00:00,30409.0,29001.0,1408.0,,784828,516710.0,,536235.0,268118.0,
67,2021-03-05T00:00:00,35886.0,34941.0,945.0,,820714,551651.0,,538126.0,269063.0,
68,2021-03-06T00:00:00,39698.0,38136.0,1562.0,,860412,589787.0,,541250.0,270625.0,
69,2021-03-07T00:00:00,30192.0,29010.0,1182.0,,890604,618797.0,,543614.0,271807.0,
70,2021-03-08T00:00:00,21882.0,20013.0,1869.0,,912486,638810.0,,547352.0,273676.0,
71,2021-03-09T00:00:00,31047.0,28530.0,2517.0,,943533,667340.0,,552385.0,276193.0,
72,2021-03-10T00:00:00,35264.0,32253.0,3011.0,,978797,699593.0,,558407.0,279204.0,
73,2021-03-11T00:00:00,40610.0,38100.0,2510.0,,1019407,737693.0,,563428.0,281714.0,
74,2021-03-12T00:00:00,43503.0,42469.0,1034.0,,1062910,780162.0,,565495.0,282748.0,
75,2021-03-13T00:00:00,53586.0,51648.0,1938.0,,1116496,831810.0,,569371.0,284686.0,
76,2021-03-14T00:00:00,41859.0,40930.0,929.0,,1158355,872740.0,,571229.0,285615.0,
77,2021-03-15T00:00:00,33198.0,31530.0,1668.0,,1191553,904270.0,,574566.0,287283.0,
78,2021-03-16T00:00:00,51579.0,49944.0,1635.0,,1243132,954214.0,,577836.0,288918.0,
79,2021-03-17T00:00:00,58202.0,56461.0,1741.0,,1301334,1010675.0,,581318.0,290659.0,
80,2021-03-18T00:00:00,58119.0,56509.0,1610.0,,1359453,1067184.0,,584537.0,292269.0,
81,2021-03-19T00:00:00,61146.0,58666.0,2480.0,,1420599,1125850.0,,589498.0,294749.0,
82,2021-03-20T00:00:00,60283.0,57898.0,2385.0,,1480882,1183748.0,,594267.0,297134.0,
83,2021-03-21T00:00:00,40823.0,39408.0,1415.0,,1521705,1223156.0,,597098.0,298549.0,
84,2021-03-22T00:00:00,31335.0,30587.0,748.0,,1553040,1253743.0,,598594.0,299297.0,
85,2021-03-23T00:00:00,50659.0,48913.0,1746.0,,1603699,1302656.0,,602086.0,301043.0,
86,2021-03-24T00:00:00,72451.0,70830.0,1621.0,,1676150,1373486.0,,605328.0,302664.0,
87,2021-03-25T00:00:00,79446.0,77724.0,1722.0,,1755596,1451210.0,,608771.0,304386.0,
88,2021-03-26T00:00:00,82996.0,81009.0,1987.0,,1838592,1532219.0,,612746.0,306373.0,
89,2021-03-27T00:00:00,77740.0,75812.0,1928.0,,1916332,1608031.0,,616602.0,308301.0,
90,2021-03-28T00:00:00,64950.0,63966.0,984.0,,1981282,1671997.0,,618570.0,309285.0,
91,2021-03-29T00:00:00,50453.0,48490.0,1963.0,,2031735,1720487.0,,622495.0,311248.0,
92,2021-03-30T00:00:00,70645.0,68004.0,2641.0,,2102380,1788491.0,,627778.0,313889.0,
93,2021-03-31T00:00:00,89873.0,87942.0,1931.0,,2192253,1876433.0,,631639.0,315820.0,
94,2021-04-01T00:00:00,84060.0,82165.0,1895.0,,2276313,1958598.0,,635430.0,317715.0,
95,2021-04-02T00:00:00,88183.0,85548.0,2635.0,,2364496,2044146.0,,640700.0,320350.0,
96,2021-04-03T00:00:00,59567.0,58448.0,1119.0,,2424063,2102594.0,,642937.0,321469.0,
97,2021-04-04T00:00:00,69125.0,68546.0,579.0,,2493188,2171140.0,,644095.0,322048.0,
98,2021-04-05T00:00:00,52452.0,52303.0,149.0,,2545640,2223443.0,,644393.0,322197.0,
99,2021-04-06T00:00:00,76199.0,75248.0,951.0,,2621839,2298691.0,,646295.0,323148.0,
100,2021-04-07T00:00:00,104382.0,102747.0,1635.0,,2726221,2401438.0,,649566.0,324783.0,
101,2021-04-08T00:00:00,108563.0,106986.0,1577.0,,2834784,2508424.0,,652719.0,326360.0,
102,2021-04-09T00:00:00,105382.0,103144.0,2238.0,,2940166,2611568.0,,657719.0,328598.0,
103,2021-04-10T00:00:00,104783.0,102399.0,2384.0,,3044949,2713967.0,,661963.0,330982.0,
104,2021-04-11T00:00:00,94794.0,92626.0,2168.0,,3139743,2806593.0,,666299.0,333150.0,
105,2021-04-12T00:00:00,74722.0,74453.0,269.0,,3214465,2881046.0,,666838.0,333419.0,
106,2021-04-13T00:00:00,95692.0,93849.0,1843.0,,3310157,2974895.0,,670524.0,335262.0,
107,2021-04-14T00:00:00,112817.0,110873.0,1944.0,,3422974,3085768.0,,674411.0,337206.0,
108,2021-04-15T00:00:00,105430.0,103145.0,2285.0,,3528404,3188913.0,,678981.0,339491.0,
109,2021-04-16T00:00:00,115634.0,113192.0,2442.0,,3644038,3302105.0,,683866.0,341933.0,
110,2021-04-17T00:00:00,107278.0,104967.0,2311.0,,3751316,3407072.0,,688488.0,344244.0,
111,2021-04-18T00:00:00,86565.0,85499.0,1066.0,,3837881,3492571.0,,690620.0,345310.0,
112,2021-04-19T00:00:00,66897.0,66202.0,695.0,,3904778,3558773.0,,692010.0,346005.0,
113,2021-04-20T00:00:00,90409.0,88817.0,1592.0,,3995187,3647590.0,,695194.0,347597.0,
114,2021-04-21T00:00:00,136695.0,134896.0,1799.0,,4131882,3782486.0,,698791.0,349396.0,
115,2021-04-22T00:00:00,134920.0,132962.0,1958.0,,4266802,3915448.0,,702707.0,351354.0,
116,2021-04-23T00:00:00,133872.0,130018.0,3854.0,,4400674,4045466.0,,710416.0,355208.0,
117,2021-04-24T00:00:00,126694.0,123126.0,3568.0,,4527368,4168592.0,,717552.0,358776.0,
118,2021-04-25T00:00:00,99535.0,97957.0,1578.0,,4626903,4266549.0,,720708.0,360354.0,
119,2021-04-26T00:00:00,69308.0,68496.0,812.0,,4696211,4335045.0,,722332.0,361166.0,
120,2021-04-27T00:00:00,94819.0,93422.0,1397.0,,4791030,4428467.0,,725126.0,362563.0,
121,2021-04-28T00:00:00,116173.0,113570.0,2603.0,,4907203,4542037.0,,730332.0,365166.0,
122,2021-04-29T00:00:00,120567.0,117330.0,3237.0,,5027770,4659367.0,,736806.0,368403.0,
123,2021-04-30T00:00:00,112214.0,109507.0,2707.0,,5139984,4768874.0,,742220.0,371110.0,
124,2021-05-01T00:00:00,107700.0,105251.0,2449.0,,5247684,4874125.0,,747118.0,373559.0,
125,2021-05-02T00:00:00,76685.0,74964.0,1721.0,,5324369,4949089.0,,750560.0,375280.0,
126,2021-05-03T00:00:00,53880.0,53255.0,625.0,,5378249,5002344.0,,751810.0,375905.0,
127,2021-05-04T00:00:00,88871.0,86691.0,2180.0,,5467120,5089035.0,,756170.0,378085.0,
128,2021-05-05T00:00:00,132603.0,129565.0,3038.0,,5599723,5218600.0,,762246.0,381123.0,
129,2021-05-06T00:00:00,141038.0,137572.0,3466.0,,5740761,5356172.0,,769178.0,384589.0,
130,2021-05-07T00:00:00,144724.0,141829.0,2895.0,,5885485,5498001.0,,774968.0,387484.0,
131,2021-05-08T00:00:00,138125.0,134619.0,3506.0,,6023610,5632620.0,,781980.0,390990.0,
132,2021-05-09T00:00:00,121075.0,119230.0,1845.0,,6144685,5751850.0,,785670.0,392835.0,
133,2021-05-10T00:00:00,94093.0,93044.0,1049.0,,6238778,5844894.0,,787768.0,393884.0,
134,2021-05-11T00:00:00,112103.0,109200.0,2903.0,,6350881,5954094.0,,793574.0,396787.0,
135,2021-05-12T00:00:00,140785.0,135314.0,5471.0,,6491666,6089408.0,,804516.0,402258.0,
136,2021-05-13T00:00:00,137697.0,132355.0,5342.0,,6629363,6221763.0,,815200.0,407600.0,
137,2021-05-14T00:00:00,141765.0,133834.0,7931.0,,6771128,6355597.0,,831062.0,415531.0,
138,2021-05-15T00:00:00,154104.0,146675.0,7429.0,,6925232,6502272.0,,845920.0,422960.0,
139,2021-05-16T00:00:00,139583.0,132907.0,6676.0,,7064815,6635179.0,,859272.0,429636.0,
140,2021-05-17T00:00:00,112330.0,109206.0,3124.0,,7177145,6744385.0,,865520.0,432760.0,
141,2021-05-18T00:00:00,109032.0,99690.0,9342.0,,7286177,6844075.0,,884204.0,442102.0,
142,2021-05-19T00:00:00,145461.0,130779.0,14682.0,,7431638,6974854.0,,913568.0,456784.0,
143,2021-05-20T00:00:00,144986.0,128011.0,16975.0,,7576624,7102865.0,,947518.0,473759.0,
144,2021-05-21T00:00:00,158524.0,136526.0,21998.0,,7735148,7239391.0,,991514.0,495757.0,
145,2021-05-22T00:00:00,190129.0,165905.0,24224.0,,7925277,7405296.0,,1039962.0,519981.0,
146,2021-05-23T00:00:00,140330.0,128708.0,11622.0,,8065607,7534004.0,,1063206.0,531603.0,
147,2021-05-24T00:00:00,99108.0,92741.0,6367.0,,8164715,7626745.0,,1075940.0,537970.0,
148,2021-05-25T00:00:00,86927.0,80609.0,6318.0,,8251642,7707354.0,,1088576.0,544288.0,
149,2021-05-26T00:00:00,135308.0,110279.0,25029.0,,8386950,7817633.0,,1138634.0,569317.0,
150,2021-05-27T00:00:00,143748.0,118211.0,25537.0,,8530698,7935844.0,,1189708.0,594854.0,
151,2021-05-28T00:00:00,159775.0,129709.0,30066.0,,8690473,8065553.0,,1249840.0,624920.0,
152,2021-05-29T00:00:00,148972.0,114753.0,34219.0,,8839445,8180306.0,,1318278.0,659139.0,
153,2021-05-30T00:00:00,144833.0,116078.0,28755.0,,8984278,8296384.0,,1375788.0,687894.0,
154,2021-05-31T00:00:00,97747.0,78809.0,18938.0,,9082025,8375193.0,,1413664.0,706832.0,
155,2021-06-01T00:00:00,120195.0,87305.0,32890.0,,9202220,8462498.0,,1479444.0,739722.0,
156,2021-06-02T00:00:00,139901.0,98460.0,41441.0,,9342121,8560958.0,,1562326.0,781163.0,
157,2021-06-03T00:00:00,150884.0,97066.0,53818.0,,9493005,8658024.0,,1669962.0,834981.0,
158,2021-06-04T00:00:00,168322.0,107238.0,61084.0,,9661327,8765262.0,,1792130.0,896065.0,
159,2021-06-05T00:00:00,172855.0,105663.0,67192.0,,9834182,8870925.0,,1926514.0,963257.0,
160,2021-06-06T00:00:00,158393.0,90130.0,68263.0,,9992575,8961055.0,,2063040.0,1031520.0,
161,2021-06-07T00:00:00,116829.0,61544.0,55285.0,,10109404,9022599.0,,2173610.0,1086805.0,
162,2021-06-08T00:00:00,158209.0,70684.0,87525.0,,10267613,9093283.0,,2348660.0,1174330.0,
163,2021-06-09T00:00:00,177506.0,69160.0,108346.0,,10445119,9162443.0,,2565352.0,1282676.0,
164,2021-06-10T00:00:00,182350.0,65250.0,117100.0,,10627469,9227693.0,,2799552.0,1399776.0,
165,2021-06-11T00:00:00,199951.0,65985.0,133966.0,,10827420,9293678.0,,3067484.0,1533742.0,
166,2021-06-12T00:00:00,195032.0,61013.0,134019.0,,11022452,9354691.0,,3335522.0,1667761.0,
167,2021-06-13T00:00:00,186415.0,57394.0,129021.0,,11208867,9412085.0,,3593564.0,1796782.0,
168,2021-06-14T00:00:00,135574.0,38036.0,97538.0,,11344441,9450121.0,,3788640.0,1894320.0,
169,2021-06-15T00:00:00,184989.0,41558.0,143431.0,,11529430,9491679.0,,4075502.0,2037751.0,
170,2021-06-16T00:00:00,202984.0,42020.0,160964.0,,11732414,9533699.0,,4397430.0,2198715.0,
171,2021-06-17T00:00:00,210611.0,38291.0,172320.0,,11943025,9571990.0,,4742070.0,2371035.0,
172,2021-06-18T00:00:00,210638.0,34432.0,176206.0,,12153663,9606422.0,,5094482.0,2547241.0,
173,2021-06-19T00:00:00,213236.0,35175.0,178061.0,,12366899,9641597.0,,5450604.0,2725302.0,
174,2021-06-20T00:00:00,184251.0,35273.0,148978.0,,12551150,9676870.0,,5748560.0,2874280.0,
175,2021-06-21T00:00:00,118625.0,20205.0,98420.0,,12669775,9697075.0,,5945400.0,2972700.0,
176,2021-06-22T00:00:00,199535.0,26863.0,172672.0,,12869310,9723938.0,,6290744.0,3145372.0,
177,2021-06-23T00:00:00,227318.0,28946.0,198372.0,,13096628,9752884.0,,6687488.0,3343744.0,
178,2021-06-24T00:00:00,225188.0,26493.0,198695.0,,13321816,9779377.0,,7084878.0,3542439.0,
179,2021-06-25T00:00:00,246393.0,27611.0,218782.0,,13568209,9806988.0,,7522442.0,3761221.0,
180,2021-06-26T00:00:00,256260.0,29376.0,226884.0,,13824469,9836364.0,,7976210.0,3988105.0,
181,2021-06-27T00:00:00,202672.0,27156.0,175516.0,,14027141,9863520.0,,8327242.0,4163621.0,
182,2021-06-28T00:00:00,180369.0,19220.0,161149.0,,14207510,9882740.0,,8649540.0,4324770.0,
183,2021-06-29T00:00:00,265231.0,26532.0,238699.0,,14472741,9909272.0,,9126938.0,4563469.0,
184,2021-06-30T00:00:00,268397.0,23696.0,244701.0,,14741138,9932968.0,,9616340.0,4808170.0,
185,2021-07-01T00:00:00,267687.0,24647.0,243040.0,,15008825,9957615.0,,10102420.0,5051210.0,
186,2021-07-02T00:00:00,145674.0,10945.0,134729.0,,15154499,9968560.0,,10371878.0,5185939.0,
187,2021-07-03T00:00:00,210504.0,18937.0,191567.0,,15365003,9987497.0,,10755012.0,5377506.0,
188,2021-07-04T00:00:00,196068.0,18937.0,177131.0,,15561071,10006434.0,,11109274.0,5554637.0,
189,2021-07-05T00:00:00,144795.0,11955.0,132840.0,,15705866,10018389.0,,11374954.0,5687477.0,
190,2021-07-06T00:00:00,215719.0,19555.0,196164.0,,15921585,10037944.0,,11767282.0,5883641.0,
191,2021-07-07T00:00:00,204594.0,18588.0,186006.0,,16126179,10056532.0,,12139294.0,6069647.0,
192,2021-07-08T00:00:00,268884.0,25625.0,243259.0,,16395063,10082157.0,,12625812.0,6312906.0,
193,2021-07-09T00:00:00,224864.0,21810.0,203054.0,,16619927,10103967.0,,13031920.0,6515960.0,
194,2021-07-10T00:00:00,207507.0,20843.0,186664.0,,16827434,10124810.0,,13405248.0,6702624.0,
195,2021-07-11T00:00:00,170537.0,17215.0,153322.0,,16997971,10142025.0,,13711892.0,6855946.0,
196,2021-07-12T00:00:00,121653.0,11326.0,110327.0,,17119624,10153351.0,,13932546.0,6966273.0,
197,2021-07-13T00:00:00,176834.0,19100.0,157734.0,,17296458,10172451.0,,14248014.0,7124007.0,
198,2021-07-14T00:00:00,179197.0,19676.0,159521.0,,17475655,10192127.0,,14567056.0,7283528.0,
199,2021-07-15T00:00:00,166201.0,19803.0,146398.0,,17641856,10211930.0,,14859852.0,7429926.0,
200,2021-07-16T00:00:00,168616.0,20426.0,148190.0,,17810472,10232356.0,,15156232.0,7578116.0,
201,2021-07-17T00:00:00,169103.0,20390.0,148713.0,,17979575,10252746.0,,15453658.0,7726829.0,
202,2021-07-18T00:00:00,134654.0,15792.0,118862.0,,18114229,10268538.0,,15691382.0,7845691.0,
203,2021-07-19T00:00:00,91320.0,10306.0,81014.0,,18205549,10278844.0,,15853410.0,7926705.0,
204,2021-07-20T00:00:00,132963.0,17426.0,115537.0,,18338512,10296270.0,,16084484.0,8042242.0,
205,2021-07-21T00:00:00,140491.0,17486.0,123005.0,,18479003,10313756.0,,16330494.0,8165247.0,
206,2021-07-22T00:00:00,125166.0,17928.0,107238.0,,18604169,10331684.0,,16544970.0,8272485.0,
207,2021-07-23T00:00:00,120231.0,17583.0,102648.0,,18724400,10349267.0,,16750266.0,8375133.0,
208,2021-07-24T00:00:00,124261.0,18633.0,105628.0,,18848661,10367900.0,,16961522.0,8480761.0,
209,2021-07-25T00:00:00,103812.0,14821.0,88991.0,,18952473,10382721.0,,17139504.0,8569752.0,
210,2021-07-26T00:00:00,65920.0,9740.0,56180.0,,19018393,10392461.0,,17251864.0,8625932.0,
211,2021-07-27T00:00:00,92035.0,15856.0,76179.0,,19110428,10408317.0,,17404222.0,8702111.0,
212,2021-07-28T00:00:00,94116.0,16768.0,77348.0,,19204544,10425085.0,,17558918.0,8779459.0,
213,2021-07-29T00:00:00,89157.0,16859.0,72298.0,,19293701,10441944.0,,17703514.0,8851757.0,
214,2021-07-30T00:00:00,83907.0,16302.0,67605.0,,19377608,10458246.0,,17838724.0,8919362.0,
215,2021-07-31T00:00:00,81590.0,15314.0,66276.0,,19459198,10473560.0,,17971276.0,8985638.0,
216,2021-08-01T00:00:00,60583.0,10886.0,49697.0,,19519781,10484446.0,,18070670.0,9035335.0,
217,2021-08-02T00:00:00,41121.0,6884.0,34237.0,,19560902,10491330.0,,18139144.0,9069572.0,
218,2021-08-03T00:00:00,31015.0,5193.0,25822.0,,19591917,10496523.0,,18190788.0,9095394.0,
219,2021-08-04T00:00:00,60094.0,12086.0,48008.0,,19652011,10508609.0,,18286804.0,9143402.0,
220,2021-08-05T00:00:00,58213.0,12080.0,46133.0,,19710224,10520689.0,,18379070.0,9189535.0,
221,2021-08-06T00:00:00,53975.0,11745.0,42230.0,,19764199,10532434.0,,18463530.0,9231765.0,
222,2021-08-07T00:00:00,61041.0,12108.0,48933.0,,19825240,10544542.0,,18561396.0,9280698.0,
223,2021-08-08T00:00:00,46970.0,8715.0,38255.0,,19872210,10553257.0,,18637906.0,9318953.0,
224,2021-08-09T00:00:00,29949.0,5642.0,24307.0,,19902159,10558899.0,,18686520.0,9343260.0,
225,2021-08-10T00:00:00,48278.0,10416.0,37862.0,,19950437,10569315.0,,18762244.0,9381122.0,
226,2021-08-11T00:00:00,48307.0,10797.0,37510.0,,19998744,10580112.0,,18837264.0,9418632.0,
227,2021-08-12T00:00:00,49167.0,11136.0,38031.0,,20047911,10591248.0,,18913326.0,9456663.0,
228,2021-08-13T00:00:00,48682.0,11619.0,37063.0,,20096593,10602867.0,,18987452.0,9493726.0,
229,2021-08-14T00:00:00,50343.0,11964.0,38379.0,,20146936,10614831.0,,19064210.0,9532105.0,
230,2021-08-15T00:00:00,40907.0,9592.0,31315.0,,20187843,10624423.0,,19126840.0,9563420.0,
231,2021-08-16T00:00:00,26033.0,5947.0,20086.0,,20213876,10630370.0,,19167012.0,9583506.0,
232,2021-08-17T00:00:00,40626.0,11267.0,29359.0,,20254502,10641637.0,,19225730.0,9612865.0,
233,2021-08-18T00:00:00,41016.0,11895.0,29121.0,,20295518,10653532.0,,19283972.0,9641986.0,
234,2021-08-19T00:00:00,45545.0,16610.0,28935.0,,20341063,10670142.0,,19341842.0,9670921.0,
235,2021-08-20T00:00:00,45748.0,16384.0,29364.0,,20386811,10686526.0,,19400570.0,9700285.0,
236,2021-08-21T00:00:00,46629.0,14988.0,31641.0,,20433440,10701514.0,,19463852.0,9731926.0,
237,2021-08-22T00:00:00,33535.0,10724.0,22811.0,,20466975,10712238.0,,19509474.0,9754737.0,
238,2021-08-23T00:00:00,22589.0,6937.0,15652.0,,20489564,10719175.0,,19540778.0,9770389.0,
239,2021-08-24T00:00:00,36655.0,13230.0,23425.0,,20526219,10732405.0,,19587628.0,9793814.0,
240,2021-08-25T00:00:00,40254.0,14391.0,25863.0,,20566473,10746796.0,,19639354.0,9819677.0,
241,2021-08-26T00:00:00,38932.0,13950.0,24982.0,,20605405,10760746.0,,19689318.0,9844659.0,
242,2021-08-27T00:00:00,36195.0,12934.0,23261.0,,20641600,10773680.0,,19735840.0,9867920.0,
243,2021-08-28T00:00:00,37716.0,13171.0,24545.0,,20679316,10786851.0,,19784930.0,9892465.0,
244,2021-08-29T00:00:00,29695.0,10246.0,19449.0,,20709011,10797097.0,,19823828.0,9911914.0,
245,2021-08-30T00:00:00,17767.0,6075.0,11692.0,,20726778,10803172.0,,19847212.0,9923606.0,
246,2021-08-31T00:00:00,31176.0,11948.0,19228.0,,20757954,10815120.0,,19885668.0,9942834.0,
247,2021-09-01T00:00:00,34703.0,13201.0,21502.0,,20792657,10828321.0,,19928672.0,9964336.0,
248,2021-09-02T00:00:00,35152.0,15692.0,19460.0,,20827809,10844013.0,,19967592.0,9983796.0,
249,2021-09-03T00:00:00,43855.0,21284.0,22571.0,,20871664,10865297.0,,20012734.0,10006367.0,
250,2021-09-04T00:00:00,45886.0,21250.0,24636.0,,20917550,10886547.0,,20062006.0,10031003.0,
251,2021-09-05T00:00:00,32450.0,14361.0,18089.0,,20950000,10900908.0,,20098184.0,10049092.0,
252,2021-09-06T00:00:00,21325.0,9643.0,11682.0,,20971325,10910551.0,,20121548.0,10060774.0,
253,2021-09-07T00:00:00,14391.0,6658.0,7733.0,,20985716,10917209.0,,20137014.0,10068507.0,
254,2021-09-08T00:00:00,38174.0,17447.0,20727.0,,21023890,10934656.0,,20178468.0,10089234.0,
255,2021-09-09T00:00:00,38391.0,18043.0,20348.0,,21062281,10952699.0,,20219164.0,10109582.0,
256,2021-09-10T00:00:00,35844.0,16477.0,19367.0,,21098125,10969176.0,,20257898.0,10128949.0,
257,2021-09-11T00:00:00,40220.0,16532.0,23688.0,,21138345,10985708.0,,20305274.0,10152637.0,
258,2021-09-12T00:00:00,29182.0,11733.0,17449.0,,21167527,10997441.0,,20340172.0,10170086.0,
259,2021-09-13T00:00:00,15842.0,6616.0,9226.0,,21183369,11004057.0,,20358624.0,10179312.0,
260,2021-09-14T00:00:00,28657.0,12538.0,16119.0,,21212026,11016595.0,,20390862.0,10195431.0,
261,2021-09-15T00:00:00,35691.0,15171.0,20520.0,,21247717,11031766.0,,20431902.0,10215951.0,
262,2021-09-16T00:00:00,35463.0,15271.0,20192.0,,21283180,11047037.0,,20472286.0,10236143.0,
263,2021-09-17T00:00:00,35285.0,14865.0,20420.0,,21318465,11061902.0,,20513126.0,10256563.0,
264,2021-09-18T00:00:00,39210.0,15203.0,24007.0,,21357675,11077105.0,,20561140.0,10280570.0,
265,2021-09-19T00:00:00,29975.0,11100.0,18875.0,,21387650,11088205.0,,20598890.0,10299445.0,
266,2021-09-20T00:00:00,16712.0,6444.0,10268.0,,21404362,11094649.0,,20619426.0,10309713.0,
267,2021-09-21T00:00:00,30072.0,12593.0,17479.0,,21434434,11107242.0,,20654384.0,10327192.0,
268,2021-09-22T00:00:00,40596.0,16477.0,24119.0,,21475030,11123719.0,,20702622.0,10351311.0,
269,2021-09-23T00:00:00,44754.0,17685.0,27069.0,,21519784,11141404.0,,20756760.0,10378380.0,
270,2021-09-24T00:00:00,46550.0,18056.0,28494.0,,21566334,11159460.0,,20813748.0,10406874.0,
271,2021-09-25T00:00:00,47871.0,17194.0,30677.0,,21614205,11176654.0,,20875102.0,10437551.0,
272,2021-09-26T00:00:00,37645.0,13412.0,24233.0,,21651850,11190066.0,,20923568.0,10461784.0,
273,2021-09-27T00:00:00,20454.0,7401.0,13053.0,,21672304,11197467.0,,20949674.0,10474837.0,
274,2021-09-28T00:00:00,31855.0,12970.0,18885.0,,21704159,11210437.0,,20987444.0,10493722.0,
275,2021-09-29T00:00:00,38297.0,14916.0,23381.0,,21742456,11225353.0,,21034206.0,10517103.0,
276,2021-09-30T00:00:00,37553.0,14477.0,23076.0,,21780009,11239830.0,,21080358.0,10540179.0,
277,2021-10-01T00:00:00,29704.0,10920.0,18784.0,,21809713,11250750.0,,21117926.0,10558963.0,
278,2021-10-02T00:00:00,37333.0,12729.0,24604.0,,21847046,11263479.0,,21167134.0,10583567.0,
279,2021-10-03T00:00:00,23884.0,7994.0,15890.0,,21870930,11271473.0,,21198914.0,10599457.0,
280,2021-10-04T00:00:00,19255.0,6332.0,12923.0,,21890185,11277805.0,,21224760.0,10612380.0,
281,2021-10-05T00:00:00,26472.0,9720.0,16752.0,,21916657,11287525.0,,21258264.0,10629132.0,
282,2021-10-06T00:00:00,32296.0,12075.0,20221.0,,21948953,11299600.0,,21298706.0,10649353.0,
283,2021-10-07T00:00:00,25240.0,9514.0,15726.0,,21974193,11309114.0,,21330158.0,10665079.0,
284,2021-10-08T00:00:00,30575.0,11298.0,19277.0,,22004768,11320412.0,,21368712.0,10684356.0,
285,2021-10-09T00:00:00,37715.0,14363.0,23352.0,,22042483,11334775.0,,21415416.0,10707708.0,
286,2021-10-10T00:00:00,29247.0,10281.0,18966.0,,22071730,11345056.0,,21453348.0,10726674.0,
287,2021-10-11T00:00:00,12213.0,4324.0,7889.0,,22083943,11349380.0,,21469126.0,10734563.0,
288,2021-10-12T00:00:00,5512.0,2023.0,3489.0,,22089455,11351403.0,,21476104.0,10738052.0,
289,2021-10-13T00:00:00,29857.0,10974.0,18883.0,,22119312,11362377.0,,21513870.0,10756935.0,
290,2021-10-14T00:00:00,28756.0,10346.0,18410.0,,22148068,11372723.0,,21550690.0,10775345.0,
291,2021-10-15T00:00:00,29762.0,10338.0,19424.0,,22177830,11383061.0,,21589538.0,10794769.0,
292,2021-10-16T00:00:00,30369.0,10030.0,20339.0,,22208199,11393091.0,,21630216.0,10815108.0,
293,2021-10-17T00:00:00,23011.0,7712.0,15299.0,,22231210,11400803.0,,21660814.0,10830407.0,
294,2021-10-18T00:00:00,12399.0,4056.0,8343.0,,22243609,11404859.0,,21677500.0,10838750.0,
295,2021-10-19T00:00:00,21310.0,7551.0,13759.0,,22264919,11412410.0,,21705018.0,10852509.0,
296,2021-10-20T00:00:00,25284.0,9113.0,16171.0,,22290203,11421523.0,,21737360.0,10868680.0,
297,2021-10-21T00:00:00,22689.0,8148.0,14541.0,,22312892,11429671.0,,21766442.0,10883221.0,
298,2021-10-22T00:00:00,25770.0,8962.0,16808.0,,22338662,11438633.0,,21800058.0,10900029.0,
299,2021-10-23T00:00:00,27243.0,9041.0,18202.0,,22365905,11447674.0,,21836462.0,10918231.0,
300,2021-10-24T00:00:00,19285.0,6471.0,12814.0,,22385190,11454145.0,,21862090.0,10931045.0,
301,2021-10-25T00:00:00,9697.0,3037.0,6660.0,,22394887,11457182.0,,21875410.0,10937705.0,
302,2021-10-26T00:00:00,18428.0,6459.0,11969.0,,22413315,11463641.0,,21899348.0,10949674.0,
303,2021-10-27T00:00:00,21761.0,7388.0,14373.0,,22435076,11471029.0,,21928094.0,10964047.0,
304,2021-10-28T00:00:00,20408.0,6883.0,13525.0,,22455484,11477912.0,,21955144.0,10977572.0,
305,2021-10-29T00:00:00,21170.0,7012.0,14158.0,,22476654,11484924.0,,21983460.0,10991730.0,
306,2021-10-30T00:00:00,22323.0,7031.0,15292.0,,22498977,11491955.0,,22014044.0,11007022.0,
307,2021-10-31T00:00:00,15740.0,4995.0,10745.0,,22514717,11496950.0,,22035534.0,11017767.0,
308,2021-11-01T00:00:00,7427.0,2335.0,5092.0,,22522144,11499285.0,,22045718.0,11022859.0,
309,2021-11-02T00:00:00,13774.0,5111.0,8663.0,,22535918,11504396.0,,22063044.0,11031522.0,
310,2021-11-03T00:00:00,16933.0,6157.0,10776.0,,22552851,11510553.0,,22084596.0,11042298.0,
311,2021-11-04T00:00:00,16588.0,5850.0,10738.0,,22569439,11516403.0,,22106072.0,11053036.0,
312,2021-11-05T00:00:00,15901.0,5442.0,10459.0,,22585340,11521845.0,,22126990.0,11063495.0,
313,2021-11-06T00:00:00,8809.0,2941.0,5868.0,,22594149,11524786.0,,22138726.0,11069363.0,
314,2021-11-07T00:00:00,12754.0,4114.0,8640.0,,22606903,11528900.0,,22156006.0,11078003.0,
315,2021-11-08T00:00:00,17057.0,5428.0,11629.0,,22623960,11534328.0,,22179264.0,11089632.0,
316,2021-11-09T00:00:00,13049.0,4674.0,8375.0,,22637009,11539002.0,,22196014.0,11098007.0,
317,2021-11-10T00:00:00,15257.0,5506.0,9751.0,,22652266,11544508.0,,22215516.0,11107758.0,
318,2021-11-11T00:00:00,15962.0,5721.0,10241.0,,22668228,11550229.0,,22235998.0,11117999.0,
319,2021-11-12T00:00:00,13468.0,4804.0,8664.0,,22681696,11555033.0,,22253326.0,11126663.0,
320,2021-11-13T00:00:00,18138.0,6078.0,12060.0,,22699834,11561111.0,,22277446.0,11138723.0,
321,2021-11-14T00:00:00,13066.0,4377.0,8689.0,,22712900,11565488.0,,22294824.0,11147412.0,
322,2021-11-15T00:00:00,7251.0,2541.0,4710.0,,22720151,11568029.0,,22304244.0,11152122.0,
323,2021-11-16T00:00:00,13146.0,4765.0,8381.0,,22733297,11572794.0,,22321006.0,11160503.0,
324,2021-11-17T00:00:00,15040.0,5776.0,9264.0,,22748337,11578570.0,,22339534.0,11169767.0,
325,2021-11-18T00:00:00,13862.0,5153.0,8709.0,,22762199,11583723.0,,22356952.0,11178476.0,
326,2021-11-19T00:00:00,13897.0,5027.0,8870.0,,22776096,11588750.0,,22374692.0,11187346.0,
327,2021-11-20T00:00:00,15367.0,5559.0,9808.0,,22791463,11594309.0,,22394308.0,11197154.0,
328,2021-11-21T00:00:00,11404.0,4059.0,7345.0,,22802867,11598368.0,,22408998.0,11204499.0,
329,2021-11-22T00:00:00,6488.0,2320.0,4168.0,,22809355,11600688.0,,22417334.0,11208667.0,
330,2021-11-23T00:00:00,11096.0,4188.0,6908.0,,22820451,11604876.0,,22431150.0,11215575.0,
331,2021-11-24T00:00:00,12706.0,4948.0,7758.0,,22833157,11609824.0,,22446666.0,11223333.0,
332,2021-11-25T00:00:00,12566.0,5033.0,7533.0,,22845723,11614857.0,,22461732.0,11230866.0,
333,2021-11-26T00:00:00,19820.0,12228.0,7592.0,,22865543,11627085.0,,22476916.0,11238458.0,
334,2021-11-27T00:00:00,29674.0,22492.0,7182.0,,22895217,11649577.0,,22491280.0,11245640.0,
335,2021-11-28T00:00:00,33249.0,27900.0,5349.0,,22928466,11677477.0,,22501978.0,11250989.0,
336,2021-11-29T00:00:00,22442.0,19375.0,3067.0,,22950908,11696852.0,,22508112.0,11254056.0,
337,2021-11-30T00:00:00,27129.0,21456.0,5673.0,,22978037,11718308.0,,22519458.0,11259729.0,
338,2021-12-01T00:00:00,33445.0,26970.0,6475.0,,23011482,11745278.0,,22532408.0,11266204.0,
339,2021-12-02T00:00:00,33979.0,27915.0,6064.0,,23045461,11773193.0,,22544536.0,11272268.0,
340,2021-12-03T00:00:00,787013.0,25870.0,9213.0,,23832474,11799063.0,517582.0,,11281481.0,738075.0
341,2021-12-04T00:00:00,80898.0,28324.0,6544.0,,23913372,11827387.0,539362.0,,11288025.0,783991.0
342,2021-12-05T00:00:00,62989.0,32473.0,4698.0,,23976361,11859860.0,567137.0,,11292723.0,809671.0
343,2021-12-06T00:00:00,39472.0,19714.0,2983.0,,24015833,11879574.0,583868.0,,11295706.0,826303.0
344,2021-12-07T00:00:00,60631.0,15629.0,5002.0,,24076464,11895203.0,594495.0,,11300708.0,866170.0
345,2021-12-08T00:00:00,74325.0,20053.0,5511.0,,24150789,11915256.0,609037.0,,11306219.0,914723.0
346,2021-12-09T00:00:00,75093.0,19145.0,5234.0,,24225882,11934401.0,622948.0,,11311453.0,965209.0
347,2021-12-10T00:00:00,78390.0,18874.0,5425.0,,24304272,11953275.0,636397.0,,11316878.0,1019023.0
348,2021-12-11T00:00:00,83534.0,21224.0,6492.0,,24387806,11974499.0,651129.0,,11323370.0,1074634.0
349,2021-12-12T00:00:00,61920.0,23642.0,4557.0,,24449726,11998141.0,670214.0,,11327927.0,1108249.0
350,2021-12-13T00:00:00,34966.0,12031.0,2617.0,,24484692,12010172.0,679628.0,,11330544.0,1128482.0
351,2021-12-14T00:00:00,99397.0,9729.0,4268.0,,24584089,12019901.0,685089.0,,11334812.0,1213727.0
352,2021-12-15T00:00:00,127613.0,13684.0,5350.0,,24711702,12033585.0,693423.0,,11340162.0,1322001.0
353,2021-12-16T00:00:00,137803.0,13511.0,5006.0,,24849505,12047096.0,701928.0,,11345168.0,1441100.0
354,2021-12-17T00:00:00,156525.0,13562.0,5188.0,,25006030,12060658.0,710302.0,,11350356.0,1578642.0
355,2021-12-18T00:00:00,168923.0,14339.0,5351.0,,25174953,12074997.0,719290.0,,11355707.0,1727744.0
356,2021-12-19T00:00:00,140827.0,19047.0,4023.0,,25315780,12094044.0,734314.0,,11359730.0,1845407.0
357,2021-12-20T00:00:00,107158.0,10987.0,2821.0,,25422938,12105031.0,742480.0,,11362551.0,1938678.0
358,2021-12-21T00:00:00,206595.0,14189.0,4895.0,,25629533,12119220.0,751774.0,,11367446.0,2126049.0
359,2021-12-22T00:00:00,230516.0,15772.0,6073.0,,25860049,12134992.0,761473.0,,11373519.0,2334698.0
360,2021-12-23T00:00:00,253258.0,13878.0,6292.0,,26113307,12148870.0,769059.0,,11379811.0,2567601.0
361,2021-12-24T00:00:00,229743.0,11619.0,4000.0,,26343050,12160489.0,776678.0,,11383811.0,2770783.0
362,2021-12-25T00:00:00,92411.0,5192.0,5049.0,,26435461,12165681.0,776821.0,,11388860.0,2863624.0
363,2021-12-26T00:00:00,13907.0,502.0,264.0,,26449368,12166183.0,777059.0,,11389124.0,2876761.0
364,2021-12-27T00:00:00,45164.0,1676.0,1042.0,,26494532,12167859.0,777693.0,,11390166.0,2919190.0
365,2021-12-28T00:00:00,144705.0,7537.0,4590.0,,26639237,12175396.0,780640.0,,11394756.0,3051672.0
366,2021-12-29T00:00:00,176349.0,11006.0,5339.0,,26815586,12186402.0,786307.0,,11400095.0,3211538.0
367,2021-12-30T00:00:00,197280.0,11041.0,4884.0,,27012866,12197443.0,792464.0,,11404979.0,3392882.0
368,2021-12-31T00:00:00,195809.0,11293.0,5571.0,,27208675,12208736.0,798186.0,,11410550.0,3571791.0
369,2022-01-01T00:00:00,102450.0,7085.0,4968.0,,27311125,12215821.0,800303.0,,11415518.0,3662068.0
370,2022-01-02T00:00:00,22050.0,1328.0,1153.0,,27333175,12217149.0,800478.0,,11416671.0,3681589.0
371,2022-01-03T00:00:00,89188.0,5554.0,4962.0,,27422363,12222703.0,801070.0,,11421633.0,3760163.0
372,2022-01-04T00:00:00,148577.0,7476.0,6159.0,,27570940,12230179.0,802387.0,,11427792.0,3895067.0
373,2022-01-05T00:00:00,180013.0,9636.0,8682.0,161487.0,27750953,12239815.0,803341.0,,11436474.0,4056554.0
374,2022-01-06T00:00:00,195005.0,9908.0,8709.0,176118.0,27945958,12249723.0,804540.0,,11445183.0,4232672.0
375,2022-01-07T00:00:00,194093.0,10652.0,9039.0,174276.0,28140051,12260375.0,806153.0,,11454222.0,4406948.0
376,2022-01-08T00:00:00,184101.0,11129.0,8168.0,164668.0,28324152,12271504.0,809114.0,,11462390.0,4571616.0
377,2022-01-09T00:00:00,133661.0,11003.0,7466.0,115129.0,28457813,12282507.0,812651.0,,11469856.0,4686745.0
378,2022-01-10T00:00:00,93741.0,6176.0,4855.0,82633.0,28551554,12288683.0,813972.0,,11474711.0,4769378.0
379,2022-01-11T00:00:00,141693.0,8266.0,8200.0,125053.0,28693247,12296949.0,814038.0,,11482911.0,4894431.0
380,2022-01-12T00:00:00,159877.0,10661.0,10176.0,138827.0,28853124,12307610.0,814523.0,,11493087.0,5033258.0
381,2022-01-13T00:00:00,164160.0,11839.0,11195.0,140840.0,29017284,12319449.0,815167.0,,11504282.0,5174098.0
382,2022-01-14T00:00:00,163036.0,13720.0,12766.0,136327.0,29180320,12333169.0,816121.0,,11517048.0,5310425.0
383,2022-01-15T00:00:00,157357.0,13049.0,13416.0,130559.0,29337677,12346218.0,815754.0,,11530464.0,5440984.0
384,2022-01-16T00:00:00,117452.0,11471.0,10847.0,95012.0,29455129,12357689.0,816378.0,,11541311.0,5535996.0
385,2022-01-17T00:00:00,67184.0,6900.0,7060.0,53140.0,29522313,12364589.0,816218.0,,11548371.0,5589136.0
386,2022-01-18T00:00:00,39418.0,3465.0,3636.0,32176.0,29561731,12368054.0,816047.0,,11552007.0,5621312.0
387,2022-01-19T00:00:00,103143.0,7993.0,8864.0,85992.0,29664874,12376047.0,815176.0,,11560871.0,5707304.0
388,2022-01-20T00:00:00,104845.0,9177.0,9205.0,86274.0,29769719,12385224.0,815148.0,,11570076.0,5793578.0
389,2022-01-21T00:00:00,102664.0,8914.0,10567.0,82939.0,29872383,12394138.0,813495.0,,11580643.0,5876517.0
390,2022-01-22T00:00:00,104885.0,11339.0,14409.0,78828.0,29977268,12405477.0,810425.0,,11595052.0,5955345.0
391,2022-01-23T00:00:00,79025.0,8707.0,14827.0,55381.0,30056293,12414184.0,804305.0,,11609879.0,6010726.0
392,2022-01-24T00:00:00,43979.0,4357.0,8631.0,30910.0,30100272,12418541.0,800031.0,,11618510.0,6041636.0
393,2022-01-25T00:00:00,66528.0,6152.0,10847.0,49222.0,30166800,12424693.0,795336.0,,11629357.0,6090858.0
394,2022-01-26T00:00:00,79059.0,7045.0,15443.0,56428.0,30245859,12431738.0,786938.0,,11644800.0,6147286.0
395,2022-01-27T00:00:00,79322.0,7374.0,15622.0,56177.0,30325181,12439112.0,778690.0,,11660422.0,6203463.0
396,2022-01-28T00:00:00,77968.0,6988.0,16099.0,54656.0,30403149,12446100.0,769579.0,,11676521.0,6258119.0
397,2022-01-29T00:00:00,87121.0,8054.0,20024.0,58812.0,30490270,12454154.0,757609.0,,11696545.0,6316931.0
398,2022-01-30T00:00:00,68327.0,6246.0,21511.0,40485.0,30558597,12460400.0,742344.0,,11718056.0,6357416.0
399,2022-01-31T00:00:00,91134.0,3073.0,10522.0,22760.0,30649731,12463473.0,734895.0,,11728578.0,6380176.0
400,2022-02-01T00:00:00,57600.0,5382.0,12073.0,37523.0,30707331,12468855.0,728204.0,,11740651.0,6417699.0
401,2022-02-02T00:00:00,64978.0,6352.0,15508.0,40015.0,30772309,12475207.0,719048.0,,11756159.0,6457714.0
402,2022-02-03T00:00:00,60241.0,6236.0,14749.0,35809.0,30832550,12481443.0,710535.0,,11770908.0,6493523.0
403,2022-02-04T00:00:00,50432.0,5342.0,13635.0,28883.0,30882982,12486785.0,702242.0,,11784543.0,6522406.0
404,2022-02-05T00:00:00,66029.0,6250.0,17515.0,38626.0,30949011,12493035.0,690977.0,,11802058.0,6561032.0
405,2022-02-06T00:00:00,51747.0,4693.0,16878.0,29470.0,31000758,12497728.0,678792.0,,11818936.0,6590502.0
406,2022-02-07T00:00:00,24392.0,2267.0,8180.0,13587.0,31025150,12499995.0,672879.0,,11827116.0,6604089.0
407,2022-02-08T00:00:00,39608.0,4275.0,9760.0,23216.0,31064758,12504270.0,667394.0,,11836876.0,6627305.0
408,2022-02-09T00:00:00,40906.0,4559.0,10980.0,22982.0,31105664,12508829.0,660973.0,,11847856.0,6650287.0
409,2022-02-10T00:00:00,47423.0,5482.0,12292.0,25882.0,31153087,12514311.0,654163.0,,11860148.0,6676169.0
410,2022-02-11T00:00:00,46607.0,5273.0,13464.0,24204.0,31199694,12519584.0,645972.0,,11873612.0,6700373.0
411,2022-02-12T00:00:00,48320.0,5242.0,14027.0,26242.0,31248014,12524826.0,637187.0,,11887639.0,6726615.0
412,2022-02-13T00:00:00,37546.0,3493.0,13537.0,19941.0,31285560,12528319.0,627143.0,,11901176.0,6746556.0
413,2022-02-14T00:00:00,18265.0,1687.0,6554.0,14361.0,31303825,12530006.0,622276.0,,11907730.0,6760917.0
414,2022-02-15T00:00:00,25258.0,3369.0,7249.0,12954.0,31329083,12533375.0,618396.0,,11914979.0,6773871.0
415,2022-02-16T00:00:00,31735.0,3603.0,10084.0,15957.0,31360818,12536978.0,611915.0,,11925063.0,6789828.0
416,2022-02-17T00:00:00,32924.0,3921.0,10326.0,16163.0,31393742,12540899.0,605510.0,,11935389.0,6805991.0
417,2022-02-18T00:00:00,30546.0,3472.0,9403.0,15058.0,31424288,12544371.0,599579.0,,11944792.0,6821049.0
418,2022-02-19T00:00:00,42927.0,3550.0,10422.0,26822.0,31467215,12547921.0,592707.0,,11955214.0,6847871.0
419,2022-02-20T00:00:00,33700.0,1970.0,8351.0,22911.0,31500915,12549891.0,586326.0,,11963565.0,6870782.0
420,2022-02-21T00:00:00,17909.0,1177.0,3868.0,12652.0,31518824,12551068.0,583635.0,,11967433.0,6883434.0
421,2022-02-22T00:00:00,9733.0,704.0,1790.0,7021.0,31528557,12551772.0,582549.0,,11969223.0,6890455.0
422,2022-02-23T00:00:00,30467.0,2913.0,6944.0,18313.0,31559024,12554685.0,578518.0,,11976167.0,6908768.0
423,2022-02-24T00:00:00,29826.0,3027.0,7458.0,16797.0,31588850,12557712.0,574087.0,,11983625.0,6925565.0
424,2022-02-25T00:00:00,27452.0,2821.0,7025.0,15366.0,31616302,12560533.0,569883.0,,11990650.0,6940931.0
425,2022-02-26T00:00:00,29072.0,2681.0,7372.0,17271.0,31645374,12563214.0,565192.0,,11998022.0,6958202.0
426,2022-02-27T00:00:00,27897.0,1758.0,7658.0,17712.0,31673271,12564972.0,559292.0,,12005680.0,6975914.0
427,2022-02-28T00:00:00,10810.0,900.0,2787.0,6822.0,31684081,12565872.0,557405.0,,12008467.0,6982736.0
428,2022-03-01T00:00:00,16438.0,2002.0,4481.0,8726.0,31700519,12567874.0,554926.0,,12012948.0,6991462.0
429,2022-03-02T00:00:00,19014.0,2324.0,5009.0,10312.0,31719533,12570198.0,552241.0,,12017957.0,7001774.0
430,2022-03-03T00:00:00,17291.0,2140.0,4535.0,9381.0,31736824,12572338.0,549846.0,,12022492.0,7011155.0
431,2022-03-04T00:00:00,17047.0,1867.0,4687.0,8853.0,31753871,12574205.0,547026.0,,12027179.0,7020008.0
432,2022-03-05T00:00:00,19812.0,1904.0,5528.0,11093.0,31773683,12576109.0,543402.0,,12032707.0,7031101.0
433,2022-03-06T00:00:00,17554.0,1348.0,5904.0,9950.0,31791237,12577457.0,538846.0,,12038611.0,7041051.0
434,2022-03-07T00:00:00,6281.0,619.0,1970.0,3523.0,31797518,12578076.0,537495.0,,12040581.0,7044574.0
435,2022-03-08T00:00:00,9737.0,1305.0,2956.0,4673.0,31807255,12579381.0,535844.0,,12043537.0,7049247.0
436,2022-03-09T00:00:00,13764.0,1640.0,3782.0,7042.0,31821019,12581021.0,533702.0,,12047319.0,7056289.0
437,2022-03-10T00:00:00,14705.0,1690.0,4072.0,7222.0,31835724,12582711.0,531320.0,,12051391.0,7063511.0
438,2022-03-11T00:00:00,15097.0,1550.0,4300.0,7314.0,31850821,12584261.0,528570.0,,12055691.0,7070825.0
439,2022-03-12T00:00:00,16229.0,1600.0,4850.0,8532.0,31867050,12585861.0,525320.0,,12060541.0,7079357.0
